Taxon#,Order,Family,Genus,Species,Tb,Mean_Mass,SD_Mass,Mean_BMR,SD_BMR
662,Rodentia,Cricetidae,Abrothrix,andinus,37.7,28.7,4,50.4,6.5
618,Rodentia,Cricetidae,Abrothrix,longipilis,37.4,42.3,3.1,57.5,5.9
633,Rodentia,Cricetidae,Abrothrix,olivaceus,37.2,31.2,8.2,54.3,18.8
2805,Carnivora,Felidae,Acinonyx,jubatus,39,37900,5520,8982.3,375.2
70,Rodentia,Muridae,Acomys,cahirinus,37.5,42.4,9.3,47.5,26.7
79,Rodentia,Muridae,Acomys,russatus,37.3,52.4,9.9,41,12.8
80,Rodentia,Muridae,Acomys,spinosissimus,36.4,27,6.6,44.1,14.7
81,Rodentia,Muridae,Acomys,subspinosus,37.4,32.3,9.6,83.6,37.5
1674,Rodentia,Octodontidae,Aconaemys,fuscus,37.3,112,,121,2.7
4253,Diprotodontia,Acrobatidae,Acrobates,pygmaeus,34.7,14,1.9,15.1,1
4301,Diprotodontia,Potoroidae,Aepyprymnus,rufescens,36.5,2940,343.6‡,1247.1,121.2‡
2695,Carnivora,Ailuridae,Ailurus,fulgens,37.6,5740,,878.2,
625,Rodentia,Cricetidae,Akodon,azarae,37.7,24.9,6.8,28.6,11
2438,Artiodactyla,Cervidae,Alces,alces,38.6,360600,37600,58323.1,14753.7
2152,Primates,Atelidae,Alouatta,palliata,,4670,2036.5,2000.3,636.2
1026,Rodentia,Cricetidae,Alticola,argentatus,,37.4,3,120.1,10.5
4192,Afrosoricida,Chrysochloridae,Amblysomus,hottentotus,33.5,70.5,13.2,97.3,10.6
1733,Rodentia,Sciuridae,Ammospermophilus,leucurus,37.5,88.5,10.7,113.4,16.3
3325,Chiroptera,Phyllostomidae,Anoura,caudifer,36.5,11.5,,35.1 _,7.9
3328,Chiroptera,Phyllostomidae,Anoura,latidens,38.1,13.6,,36.9,
4417,Dasyuromorphia,Dasyuridae,Antechinomys,laniger,35.8,26.1,1.4,25.3,3.6
4364,Dasyuromorphia,Dasyuridae,Antechinus,flavipes,35,44.9,7.4,119.8,26.9
4366,Dasyuromorphia,Dasyuridae,Antechinus,stuartii,35.1,32.9,9.5,35.8,8
4369,Dasyuromorphia,Dasyuridae,Antechinus,swainsonii,36,66.9,,63.8,12.8
2484,Artiodactyla,Antilocapridae,Antilocapra,americana,,37800,,10573.7,132.2
3510,Chiroptera,Vespertilionidae,Antrozous,pallidus,37,22,2.6,18.5,1.3
2195,Primates,Aotidae,Aotus,trivirgatus,38,1015,186.6,452.9,37
1675,Rodentia,Aplodontiidae,Aplodontia,rufa,38,630,,277.2,23
149,Rodentia,Muridae,Apodemus,agrarius,,20.4,3,64.6,12.7
142,Rodentia,Muridae,Apodemus,argenteus,,15.7,3.3‡,49.3,8.5‡
150,Rodentia,Muridae,Apodemus,chevrieri,36.5,32.6,,87.9,16.3
154,Rodentia,Muridae,Apodemus,flavicollis,36.7,23.4,2.7,42.4,3
151,Rodentia,Muridae,Apodemus,mystacinus,35.5,40,3.4‡,60.3,5.7‡
148,Rodentia,Muridae,Apodemus,speciosus,,34.2,7.0‡,53.7,8.2‡
160,Rodentia,Muridae,Apodemus,sylvaticus,36.7,20.9,1.5,55.9,4.3
156,Rodentia,Muridae,Apodemus,witherbyi,37,20.5,2.1,50,5.7
1059,Rodentia,Cricetidae,Arborimus,longicaudus,37.3,21.8,1.6,58.9,8.9
2869,Carnivora,Viverridae,Arctictis,binturong,36.7,14280,84.9,1128.1,399.8
2269,Primates,Lorisidae,Arctocebus,calabarensis,,206,12.7,158.2,20.6
2872,Carnivora,Viverridae,Arctogalidia,trivirgata,36.2,2010,60,552.8,160
3369,Chiroptera,Phyllostomidae,Artibeus,cinereus,34.9,10.5_ _,,24.6,2
3372,Chiroptera,Phyllostomidae,Artibeus,concolor,35.3,19.7,,32.9 _,6.5
3373,Chiroptera,Phyllostomidae,Artibeus,fimbriatus,,63.9,,78,
3380,Chiroptera,Phyllostomidae,Artibeus,hirsutus,34.3,48.5,,126.1,
3375,Chiroptera,Phyllostomidae,Artibeus,jamaicensis,36.4,45.2,,56.5 _,14.9
3376,Chiroptera,Phyllostomidae,Artibeus,lituratus,37.3,70.1,,84.8 _,35.8
1064,Rodentia,Cricetidae,Arvicola,amphibius,37.5,97.5,2.2,113.1,27.3
3863,Erinaceomorpha,Erinaceidae,Atelerix,albiventris,35.2,450,,146.7,19.5
666,Rodentia,Cricetidae,Auliscomys,boliviensis,36.3,76.8,11,110.6,15.4
892,Rodentia,Cricetidae,Baiomys,taylori,36,7.3,1.6,14.2,2.8
2687,Carnivora,Procyonidae,Bassariscus,astutus,,860.7,,384.5,
2688,Carnivora,Procyonidae,Bassariscus,sumichrasti,38.8,1287.3,133,631.8,51.8
1653,Rodentia,Bathyergidae,Bathyergus,janetta,34.7,732,183.2,330.9,58.4
1652,Rodentia,Bathyergidae,Bathyergus,suillus,35.3,406.3,69.4,218.1,14.3
4302,Diprotodontia,Potoroidae,Bettongia,gaimardi,35.6,2021.1,721.1,930,149.3
4304,Diprotodontia,Potoroidae,Bettongia,penicillata,37.2,990.4,46.8,659.9,
4117,Soricomorpha,Soricidae,Blarina,brevicauda,38.3,19.8,2.2,53.9,4.9
4116,Soricomorpha,Soricidae,Blarina,carolinensis,36.8,10.2,,33.3,4.4
2419,Artiodactyla,Bovidae,Bos,taurus,,193000,26250,33700.4,2829.4
1973,Lagomorpha,Leporidae,Brachylagus,idahoensis,38.7,432,40,384.5,41.5
4161,Pilosa,Bradypodidae,Bradypus,variegatus,33,3450,893,666.3,109.8
4296,Diprotodontia,Burramyidae,Burramys,parvus,36.1,44.3,13.8,36.8,6.2
4176,Cingulata,Dasypodidae,Cabassous,centralis,33.6,3810,,811.5,103.3
2198,Primates,Cebidae,Callimico,goeldii,,553.7,75.1,281.4,52.5
2206,Primates,Cebidae,Callithrix,jacchus,38.7,190,,157.7,7.6
2201,Primates,Cebidae,Callithrix,pygmaea,,140.6,18.9,99.8,19.4
2710,Carnivora,Otariidae,Callorhinus,ursinus,,31730,,21487.3,
702,Rodentia,Cricetidae,Calomys,callosus,,48,,78.2,14.8
705,Rodentia,Cricetidae,Calomys,lepidus,,16,,25.9,6.2
706,Rodentia,Cricetidae,Calomys,musculinus,36.2,16.9,2.1,27.9,2.7
702,Rodentia,Cricetidae,Calomys,venustus,37.1,49.5,5,70.8,9.4
4449,Didelphimorphia,Didelphidae,Caluromys,derbianus,35,344,,220.5,32.1
2591,Artiodactyla,Camelidae,Camelus,dromedarius,,416100,138100,41942.9,2871.1
2739,Carnivora,Canidae,Canis,latrans,37,10171.4,593.7,3640.8,690.9
2737,Carnivora,Canidae,Canis,lupus,,10550,680.4,3957.9,343
2743,Carnivora,Canidae,Canis,mesomelas,38,7720,300,3898.6,1002.9
1304,Rodentia,Spalacidae,Cannomys,badius,36,344,,172,33.1
2330,Artiodactyla,Bovidae,Capra,hircus,39.2,32500,2121.3,6698.8,143.5
2439,Artiodactyla,Cervidae,Capreolus,capreolus,,20388.9,2568.2,8161.2,1492.8
1611,Rodentia,Capromyidae,Capromys,pilorides,35.7,2630,,597,
3343,Chiroptera,Phyllostomidae,Carollia,perspicillata,36.4,14.5,,30.4 _,10.1
1367,Rodentia,Castoridae,Castor,canadensis,,18800,900,5256,360
1515,Rodentia,Caviidae,Cavia,porcellus,39,662.6,122.7,383,30.1
4298,Diprotodontia,Burramyidae,Cercartetus,concinnus,34.4,18.6,1.8,22.3,5.6
4299,Diprotodontia,Burramyidae,Cercartetus,lepidus,33.7,12.6,1.9,18.8,2.5
4300,Diprotodontia,Burramyidae,Cercartetus,nanus,35.6,70,11.5,60.8,9
2077,Primates,Cercopithecidae,Cercocebus,torquatus,,3750,380,1603.5,41
2059,Primates,Cercopithecidae,Cercopithecus,mitis_,37.5,8500,756,3391.5,382.7
2750,Carnivora,Canidae,Cerdocyon,thous,38.2,5614,1781.9,1528.5,443.7
2464,Artiodactyla,Cervidae,Cervus,elaphus,,58000,12727.9,16405.8,92
1391,Rodentia,Heteromyidae,Chaetodipus,baileyi,32.5,29.1,5.1,34.5,4.6
1390,Rodentia,Heteromyidae,Chaetodipus,californicus,38,22,,21.3,4.7
1389,Rodentia,Heteromyidae,Chaetodipus,fallax,32.6,19.6,0.6,26.9,8.5
1379,Rodentia,Heteromyidae,Chaetodipus,formosus,,15.1,6.1,18.4,7
1392,Rodentia,Heteromyidae,Chaetodipus,hispidus,36.8,34.1,4.7,46.5,1.7
1382,Rodentia,Heteromyidae,Chaetodipus,intermedius,36,16.9,4.2,21.8,4.5
1381,Rodentia,Heteromyidae,Chaetodipus,penicillatus,,16.6,2.4,22.4,
4170,Cingulata,Dasypodidae,Chaetophractus,nationi,35.5,2150,,559,73
4171,Cingulata,Dasypodidae,Chaetophractus,vellerosus,34.4,1110,,306.4,52.7
4172,Cingulata,Dasypodidae,Chaetophractus,villosus,35.1,4540,,808.1,156.2
3578,Chiroptera,Vespertilionidae,Chalinolobus,gouldii,31.1,17.5,3.2,25.2,3.4
2243,Primates,Cheirogaleidae,Cheirogaleus,medius,38,329.8,3,195.9,45.2
709,Rodentia,Cricetidae,Chelemys,macronyx,36.8,62,,84.3,
1667,Rodentia,Chinchillidae,Chinchilla,chinchilla,37.6,454.4,62.5,226.3,30.9
1666,Rodentia,Chinchillidae,Chinchilla,lanigera,35.7,436.3,126.6‡,254.8,22.6‡
1068,Rodentia,Cricetidae,Chionomys,nivalis,38,32.6,8,99.8,23.9
3386,Chiroptera,Phyllostomidae,Chiroderma,doriae,,19.9,,31.1,
4454,Didelphimorphia,Didelphidae,Chironectes,minimus,35,946,,548.7,94.6
3334,Chiroptera,Phyllostomidae,Choeroniscus,godmani,36.6,10.1,0.9,19.1,3.9
4158,Pilosa,Megalonychidae,Choloepus,hoffmanni,34.4,4250,,799,133.5
3287,Chiroptera,Phyllostomidae,Chrotopterus,auritus,37.2,96.1,,153.8 _,38.4
4189,Afrosoricida,Chrysochloridae,Chrysochloris,asiatica,34,36,2.2,43.2,8.6
1662,Rodentia,Erethizontidae,Coendou,prehensilis,36.7,3280,,925,
2100,Primates,Cercopithecidae,Colobus,guereza_,37,10450,1587.6,2978.3,135.9
3833,Soricomorpha,Talpidae,Condylura,cristata,37.7,49,,110.3,12.3
224,Rodentia,Muridae,Conilurus,penicillatus,35.9,212.3,,162.6,
2315,Artiodactyla,Bovidae,Connochaetes,taurinus,,140000,,29780.3,2525.9
1281,Rodentia,Nesomyidae,Cricetomys,gambianus,35.6,1870.9,194.2,1141.2,168.4
1012,Rodentia,Cricetidae,Cricetulus,barabensis,,24.8,4,68.2,9.2
1015,Rodentia,Cricetidae,Cricetulus,migratorius,38.1,30.7,4.1,43.8,5.6
1009,Rodentia,Cricetidae,Cricetus,cricetus,39.5,369.4,91.1,239.3,86.5
3916,Soricomorpha,Soricidae,Crocidura,hildegardeae,35.7,10,0.3,26,3
3886,Soricomorpha,Soricidae,Crocidura,jouvenetae,34.3,10.2,2.3,22.4,2
3934,Soricomorpha,Soricidae,Crocidura,luna,34.8,11.8,2.3,24.8,2.4
3965,Soricomorpha,Soricidae,Crocidura,olivieri,35.3,37.7,6.5,57.6,12
3977,Soricomorpha,Soricidae,Crocidura,poensis,35.5,17.3,3,31.1,3.5
3984,Soricomorpha,Soricidae,Crocidura,russula,34.7,9.8,1.9,23.4,6
3993,Soricomorpha,Soricidae,Crocidura,suaveolens,35.1,6.5,0.7,18.9,1.3
4006,Soricomorpha,Soricidae,Crocidura,viaria,34.5,14.7,2.3,22.1,2.9
1647,Rodentia,Bathyergidae,Cryptomys,bocagei,33.7,94.4,18,69.9,5.7
1644,Rodentia,Bathyergidae,Cryptomys,damarensis,35.2,137.1,23.5,81.7,27.8
1645,Rodentia,Bathyergidae,Cryptomys,darlingi,,60,16.4,58.8,8.4
1645,Rodentia,Bathyergidae,Cryptomys,hottentotus,34.4,85.4,20.5,69.9,12.4
1646,Rodentia,Bathyergidae,Cryptomys,mechowi,34,182.9,58.3,115.7,14.6
4122,Soricomorpha,Soricidae,Cryptotis,parva,37,6.2,0.2,19,2.6
1494,Rodentia,Ctenomyidae,Ctenomys,australis,37.3,340,101,116.6,31.2
1496,Rodentia,Ctenomyidae,Ctenomys,fulvus,36.2,275,,176,39.4
1493,Rodentia,Ctenomyidae,Ctenomys,maulinus,36.2,215,,187.1,12.3
1476,Rodentia,Ctenomyidae,Ctenomys,opimus,36,352,195.2,179.8,57.6
1483,Rodentia,Ctenomyidae,Ctenomys,talarum,36.1,121.1,24.8,116,5.4
1627,Rodentia,Cuniculidae,Cuniculus,paca,37.2,6831.5,3287.3,2364.9,540
4165,Pilosa,Cyclopedidae,Cyclopes,didactylus,33,226.3,,112.7,14
1731,Rodentia,Sciuridae,Cynomys,ludovicianus,36.7,1001,93,392.1,44.3
2921,Chiroptera,Pteropodidae,Cynopterus,brachyotis,36.5,37.4,2.5,47.5,7.5
4378,Dasyuromorphia,Dasyuridae,Dasycercus,cristicauda,36.9,91.3,12.9,45.4,11.1
1530,Rodentia,Dasyproctidae,Dasyprocta,azarae,37.5,3849,,1886,26.9
1529,Rodentia,Dasyproctidae,Dasyprocta,leporina,38.3,2687,,1558.5,
4182,Cingulata,Dasypodidae,Dasypus,novemcinctus,34.5,3567,466.1,902.4,176
4377,Dasyuromorphia,Dasyuridae,Dasyuroides,byrnei,35.2,113.4,16.4,87.6,12.7
4380,Dasyuromorphia,Dasyuridae,Dasyurus,geoffroii_,36.2,1193.1,332.3,447.4,124.6
4384,Dasyuromorphia,Dasyuridae,Dasyurus,hallucatus,35.9,547.5,93.2,222.4,5.2
4383,Dasyuromorphia,Dasyuridae,Dasyurus,maculatus,36.9,1782,,534.6,
4382,Dasyuromorphia,Dasyuridae,Dasyurus,viverrinus,35.9,998,96.7,387,3.7
4246,Hyracoidea,Procaviidae,Dendrohyrax,dorsalis,,2210,,922.3,83.3
4309,Diprotodontia,Macropodidae,Dendrolagus,matschiei,36.3,6960,,1426.8,164.9
1191,Rodentia,Muridae,Desmodillus,auricularis,35.9,71.9,11.6,87.8,13.2
3267,Chiroptera,Phyllostomidae,Desmodus,rotundus,35,29.4,,26.8 _,7.6
3268,Chiroptera,Phyllostomidae,Diaemus,youngi,31.1,36.6,,34.0 _,7
1071,Rodentia,Cricetidae,Dicrostonyx,groenlandicus,38.4,57.1,9.2,100.4,16.4
4457,Didelphimorphia,Didelphidae,Didelphis,marsupialis,35,1329,,611.3,27.9
4458,Didelphimorphia,Didelphidae,Didelphis,virginiana,35,2488.3,619.5,800.9,211.2
3266,Chiroptera,Phyllostomidae,Diphylla,ecaudata,32.4,27.8,,33.9 _,1.7
1207,Rodentia,Muridae,Dipodillus,campestris,36.7,41.2,3.6,71.8,8.8
1211,Rodentia,Muridae,Dipodillus,dasyurus,38.6,28.1,1.7,29.8,2.2
1402,Rodentia,Heteromyidae,Dipodomys,agilis,37,60.6,,63.6,10.5
1410,Rodentia,Heteromyidae,Dipodomys,deserti,36.8,128,16.2,88.4,33.5
1398,Rodentia,Heteromyidae,Dipodomys,heermanni,,63.3,,73.2,
1407,Rodentia,Heteromyidae,Dipodomys,merriami,37,37,3.4,44.4,11.6
1403,Rodentia,Heteromyidae,Dipodomys,microps,35,54.2,7.7,59.7,13.6
1408,Rodentia,Heteromyidae,Dipodomys,nitratoides,,37.8,,46.2,
1393,Rodentia,Heteromyidae,Dipodomys,ordii,34.6,47.3,5.8,62.5,6.3
1397,Rodentia,Heteromyidae,Dipodomys,panamintinus,36.9,62.5,4.3,70.7,10.9
1411,Rodentia,Heteromyidae,Dipodomys,spectabilis,,104.5,12.2,119.1,10.2
39,Rodentia,Dipodidae,Dipus,sagitta,36.8,79.2,6.8,90.3,19.8
2980,Chiroptera,Pteropodidae,Dobsonia,anderseni,36.4,241.4,9.7,174,30.8
2976,Chiroptera,Pteropodidae,Dobsonia,minor,36.5,80.4,6.4,92,10.3
2980,Chiroptera,Pteropodidae,Dobsonia,moluccensis,36.8,404.3,27.2,364.1,31.9
2974,Chiroptera,Pteropodidae,Dobsonia,praedatrix,37.1,179.5,11,142.5,18.4
1626,Rodentia,Caviidae,Dolichotis,salinicola,38.4,1613,,725.9,
4362,Microbiotheria,Microbiotheriidae,Dromiciops,gliroides,,40.2,6.7,31.8,0.4
1948,Rodentia,Gliridae,Dryomys,nitedula,,25.2,1.4,111.4,18.4
4224,Afrosoricida,Tenrecidae,Echinops,telfairi,,146.6,8.4,38.3,1
3845,Erinaceomorpha,Erinaceidae,Echinosorex,gymnura,36.3,721.2,69.8,504.8,43.2
4429,Peramelemorphia,Peramelidae,Echymipera,kalubu,35,695,,343.4,
4430,Peramelemorphia,Peramelidae,Echymipera,rufescens,35.2,836,274.4,382.5,29.4
2638,Carnivora,Mustelidae,Eira,barbara,38.4,2950,,1221.3,
4225,Macroscelidea,Macroscelididae,Elephantulus,brachyrhynchus,37.5,45.3,3.4,43.7,19.6
4232,Macroscelidea,Macroscelididae,Elephantulus,edwardii,37.6,49.8,3.1,54.3,6.5
4228,Macroscelidea,Macroscelididae,Elephantulus,intufi,37.2,46.5,6.9,52,20
4233,Macroscelidea,Macroscelididae,Elephantulus,myurus,36.9,63,1.8,66.3,2.1
4234,Macroscelidea,Macroscelididae,Elephantulus,rozeti,37.1,45.3,1.4,47.8,2.4
4231,Macroscelidea,Macroscelididae,Elephantulus,rufescens,37.3,63.4,22,63.8,9.4
718,Rodentia,Cricetidae,Eligmodontia,typus,36.4,17.5,0.6,29.9,17.5
1951,Rodentia,Gliridae,Eliomys,quercinus,,44.5,0.7,75.8,10
2667,Carnivora,Mustelidae,Enhydra,lutris,,24434.5,5180,17264,1380
2959,Chiroptera,Pteropodidae,Eonycteris,spelaea,34,51.6,5.9,48,7.2
1048,Rodentia,Cricetidae,Eothenomys,miletus,35.8,42.1,2.1,97.9,9.7
1771,Rodentia,Sciuridae,Epixerus,ebii,36,460,,285.2,41.6
3674,Chiroptera,Vespertilionidae,Eptesicus,fuscus,,10.4,1.6,13.2,2
2605,Perissodactyla,Equidae,Equus,asinus,,177500,17677.7,29175,657.6
ND,Afrosoricida,Chrysochloridae,Eremitalpa,granti,33.6,22.8,4,12.9,4.9
1654,Rodentia,Erethizontidae,Erethizon,dorsatum,37.6,5974,1270,2846.4,363.5
3858,Erinaceomorpha,Erinaceidae,Erinaceus,concolor,35.2,822.7,122.9,347.2,51.8
3860,Erinaceomorpha,Erinaceidae,Erinaceus,europaeus,34,936.7,199,360.9,59.4
3304,Chiroptera,Phyllostomidae,Erophylla,bombifrons,32,16.1,3.1,17.7,5.6
2073,Primates,Cercopithecidae,Erythrocebus,patas,39.3,3000,,639.4,
2252,Primates,Lemuridae,Eulemur,fulvus,36.5,2330,470,324.8,62.9
2708,Carnivora,Otariidae,Eumetopias,jubatus,,121833.3,14932.3,42599.5,544.2
3454,Chiroptera,Molossidae,Eumops,perotis,32.6,56,2.3,39.8,6.7
719,Rodentia,Cricetidae,Euneomys,chinchilloides,,65.4,3.7,84.4,13.1
2274,Primates,Galagidae,Euoticus,elegantulus,,261.5,12,258.2,73.6
4168,Cingulata,Dasypodidae,Euphractus,sexcinctus,34.2,8190,,1236.7,273.6
2791,Carnivora,Felidae,Felis,margarita,37.6,1924.7,143,431.4,41
2793,Carnivora,Felidae,Felis,silvestris,,2617.8,,472.2,
2879,Carnivora,Eupleridae,Fossa,fossana,37.9,2260,,906.3,
1775,Rodentia,Sciuridae,Funisciurus,anerythrus,,124,86.3,150.9,48.6
1778,Rodentia,Sciuridae,Funisciurus,congicus,,112.3,7,97.7,10.1
1779,Rodentia,Sciuridae,Funisciurus,isabella,,75,21.2,124.9,8.8
1780,Rodentia,Sciuridae,Funisciurus,lemniscatus,,119,33.9,164.5,91.3
1774,Rodentia,Sciuridae,Funisciurus,pyrropus,,257,18.4,238.4,57.4
2283,Primates,Galagidae,Galago,demidoff,36,56.5,7.8,120.3,19.8
2278,Primates,Galagidae,Galago,moholi,,163,9.9,85.7,48.7
2279,Primates,Galagidae,Galago,senegalensis,37.9,170,,136.6,20.4
1523,Rodentia,Caviidae,Galea,musteloides,37.3,322.3,,261.7,36.4
2837,Carnivora,Herpestidae,Galerella,sanguinea,38.7,540,98.6,410.4,81
2852,Carnivora,Viverridae,Genetta,genetta,,1203.2,191,286.5,25
2853,Carnivora,Viverridae,Genetta,tigrina,38.5,1698,271.5,747.1,34
1612,Rodentia,Capromyidae,Geocapromys,brownii,,2456,,736.8,
1613,Rodentia,Capromyidae,Geocapromys,ingrahami,,946.5,161.9,280.9,18.4
4202,Afrosoricida,Tenrecidae,Geogale,aurita,30.8,6.9,1.4,7.7,1.4
1424,Rodentia,Geomyidae,Geomys,bursarius,35,197,27.7,137.9,31.5
1426,Rodentia,Geomyidae,Geomys,pinetis,36.3,174.3,16.1,145.1,24.1
1651,Rodentia,Bathyergidae,Georychus,capensis,36.4,162,38.3,136.8,19.2
1260,Rodentia,Muridae,Gerbilliscus,afra,34,148.3,6.8,253.6,8.9
1265,Rodentia,Muridae,Gerbilliscus,leucogaster,35.1,157.6,16.9,132.6,21.8
1192,Rodentia,Muridae,Gerbillurus,paeba,38.7,32.6,6.1,31.4,4.5
1193,Rodentia,Muridae,Gerbillurus,setzeri,37.6,46.1,10.3,37,1.5
1194,Rodentia,Muridae,Gerbillurus,tytonis,36.9,29.9,4.8,31.7,1.4
1195,Rodentia,Muridae,Gerbillurus,vallinus,37.4,38.8,6.4,34.8,1.5
1198,Rodentia,Muridae,Gerbillus,andersoni,36.3,35.5,3.5,39.1,3.2
1218,Rodentia,Muridae,Gerbillus,gerbillus,37.2,29.7,3.2,42.2,8.9
1235,Rodentia,Muridae,Gerbillus,nanus,38.8,28.4,1.3,22.2,2.3
1239,Rodentia,Muridae,Gerbillus,perpallidus,,72.9,,65,3.7
1243,Rodentia,Muridae,Gerbillus,pusillus,34.6,12.6,,13.5,2.3
1244,Rodentia,Muridae,Gerbillus,pyramidum,36.1,53,6.2,68.9,15.9
1856,Rodentia,Sciuridae,Glaucomys,volans,39,64,6.1,64.2,5.4
1957,Rodentia,Gliridae,Glis,glis,37.7,170.2,26.6,180.5,35.9
3323,Chiroptera,Phyllostomidae,Glossophaga,longirostris,37.4,13.5,0.9,26.5,2.4
3321,Chiroptera,Phyllostomidae,Glossophaga,soricina,35.5,8.7,1.9,19.8 _,5
329,Rodentia,Muridae,Golunda,ellioti,,56.2,,60.7,
4465,Didelphimorphia,Didelphidae,Gracilinanus,microtarsus_,35,14.5,,26.1,
685,Rodentia,Cricetidae,Graomys,griseoflavus,36.1,69.4,5.5,84,4.2
1964,Rodentia,Gliridae,Graphiurus,murinus,36,35.7,5.2,39,4.8
1965,Rodentia,Gliridae,Graphiurus,ocularis,34.4,67.8,16.7,66.4,9.6
2637,Carnivora,Mustelidae,Gulo,gulo,,13340,2540,5277.4,875.7
4260,Diprotodontia,Petauridae,Gymnobelideus,leadbeateri,,166.3,37,103.1,16.6
1643,Rodentia,Bathyergidae,Heliophobius,argenteocinereus,35.1,88.5,,98.2,17.2
1768,Rodentia,Sciuridae,Heliosciurus,rufobrachium,,317.5,58,226.9,39.7
4221,Afrosoricida,Tenrecidae,Hemicentetes,nigriceps,,154.7,0.7,83.5,11
4221,Afrosoricida,Tenrecidae,Hemicentetes,semispinosus,,147.5,14.5,83.2,13.6
3854,Erinaceomorpha,Erinaceidae,Hemiechinus,auritus,33.8,397,60,150.9,27.4
2826,Carnivora,Herpestidae,Herpestes,javanicus,39.8,611,175.4,403.3,311.1
1642,Rodentia,Bathyergidae,Heterocephalus,glaber,32.1,36.4,3,26.6,6.4
4249,Hyracoidea,Procaviidae,Heterohyrax,brucei,36.7,1524.7,168.2,685.3,146.3
1440,Rodentia,Heteromyidae,Heteromys,anomalus,36,69.3,,100.5,8.7
1431,Rodentia,Heteromyidae,Heteromys,desmarestianus,33.8,75.8,8.4,99.1,8.6
3200,Chiroptera,Hipposideridae,Hipposideros,galeritus,31.9,8.5,0.6,9.4,0.4
3546,Chiroptera,Vespertilionidae,Histiotus,velatus,30.5,11.2,,16.2,5.2
2717,Carnivora,Phocidae,Histriophoca,fasciata,,54700,11030.9,19856.4,1889.2
2134,Primates,Hominidae,Homo,sapiens,,67650,19300,13376.9,2359.1
2807,Carnivora,Hyaenidae,Hyaena,hyaena,,34300,,5865.3,
1509,Rodentia,Caviidae,Hydrochoerus,hydrochaeris,37.1,26400,,6600,
311,Rodentia,Muridae,Hydromys,chrysogaster,36.6,784.5,87.3,601.6,125.8
2139,Primates,Hylobatidae,Hylobates,lar,,1900,,1070,68.2
3848,Erinaceomorpha,Erinaceidae,Hylomys,suillus,37.3,77.6,14.6,80.7,10.1
1630,Rodentia,Hystricidae,Hystrix,africaeaustralis,37.5,11066.7,933.3,2568.2,224.9
4437,Peramelemorphia,Peramelidae,Isoodon,auratus,33.8,339,62.7,118.7,24.9
4439,Peramelemorphia,Peramelidae,Isoodon,macrourus,35.9,1185,309.5,477.9,47.9
4438,Peramelemorphia,Peramelidae,Isoodon,obesulus,33.9,944.3,293.1,369.3,75
962,Rodentia,Cricetidae,Isthmomys,pirrensis,37.6,138,20.8,121.4,9.7
41,Rodentia,Dipodidae,Jaculus,jaculus,37.5,109.7,11.6,106.4,11.5
43,Rodentia,Dipodidae,Jaculus,orientalis,37,139.1,6.1,88.7,26
1514,Rodentia,Caviidae,Kerodon,rupestris_,38.2,635.7,181.2,406.8,6.4
2394,Artiodactyla,Bovidae,Kobus,ellipsiprymnus,,100000,5250,26666.7,425
1669,Rodentia,Chinchillidae,Lagidium,viscacia,37.7,2056,63.5,699,24.7
4314,Diprotodontia,Macropodidae,Lagorchestes,conspicillatus,36,2660,374.4,851.2,585.2
1665,Rodentia,Chinchillidae,Lagostomus,maximus,36.8,6804.5,2659.4,1592.3,170.1
2592,Artiodactyla,Camelidae,Lama,glama,,115000,,18837,2277
1090,Rodentia,Cricetidae,Lasiopodomys,brandtii,36.2,40.2,2,76.8,16.7
4359,Diprotodontia,Vombatidae,Lasiorhinus,latifrons,35.3,29920,1010,3291.2,897.6
1093,Rodentia,Cricetidae,Lemmiscus,curtatus,37.1,30.3,5.3,50.3,9.8
1095,Rodentia,Cricetidae,Lemmus,lemmus,37.8,60.6,32.1,152.4,16.4
1096,Rodentia,Cricetidae,Lemmus,sibiricus,38.3,49,9.6,93,11.1
1096,Rodentia,Cricetidae,Lemmus,trimucronatus,38.9,64,26,157.8,46.2
364,Rodentia,Muridae,Lemniscomys,griselda,36.9,50.5,6.3,61.3,1.2
2210,Primates,Cebidae,Leontopithecus,rosalia,36.5,733,244.5,381.5,159.7
2789,Carnivora,Felidae,Leopardus,pardalis,38,10500,,3129,
2790,Carnivora,Felidae,Leopardus,wiedii,38,3550,820,1004.7,53.3
2798,Carnivora,Felidae,Leptailurus,serval,36.5,10120,1140,3329.5,1062.6
2723,Carnivora,Phocidae,Leptonychotes,weddellii,,387400,19800,88908.3,15689.7
3316,Chiroptera,Phyllostomidae,Leptonycteris,curasoae,35.7,22.7,1.3,37.9,9.9
1990,Lagomorpha,Leporidae,Lepus,alleni,37.9,3312.3,395,1644,153.9
1995,Lagomorpha,Leporidae,Lepus,americanus,39.8,1567.3,164.6,1443.3,244.8
1996,Lagomorpha,Leporidae,Lepus,arcticus,38.9,3173,254.6,1151.8,152.3
1993,Lagomorpha,Leporidae,Lepus,californicus,39.2,2148.5,384.1,1224.7,80
1998,Lagomorpha,Leporidae,Lepus,timidus,39.7,3075,350.4,2260.6,69.1
1999,Lagomorpha,Leporidae,Lepus,townsendii,38.2,2620,98,1517,111.2
4201,Afrosoricida,Tenrecidae,Limnogale,mergulus,32.5,77.7,,72.3,
1438,Rodentia,Heteromyidae,Liomys,irroratus,37,47.6,8.6,56,6.3
1435,Rodentia,Heteromyidae,Liomys,salvini,37,43.3,6,51.3,4.1
2271,Primates,Lorisidae,Loris,tardigradus,35.5,283.8,33.6,127.7,11.4
4252,Proboscidea,Elephantidae,Loxodonta,africanus,,2607000,,246771.7,18339.3
667,Rodentia,Cricetidae,Loxodontomys,micropus,37.4,62.3,9.5,97.8,10.6
2659,Carnivora,Mustelidae,Lutra,lutra,38.1,8671.4,1932.9,4813.3,1184.4
4461,Didelphimorphia,Didelphidae,Lutreolina,crassicaudata,35.8,812,,403.6,63.1
2744,Carnivora,Canidae,Lycalopex,culpaeus,37.5,5418,1580,2034.5,708.5
2780,Carnivora,Felidae,Lynx,rufus,,9400,3040,4220.6,376
2090,Primates,Cercopithecidae,Macaca,fuscata,,9300,424.3,4362,229.1
2089,Primates,Cercopithecidae,Macaca,mulatta,,6060,2370,2273.2,409.4
3100,Chiroptera,Megadermatidae,Macroderma,gigas,37,123.5,2.7,112.8,7.1
2960,Chiroptera,Pteropodidae,Macroglossus,minimus,36.2,16.3,1.6,15.1,1
4317,Diprotodontia,Macropodidae,Macropus,eugenii,36.5,4913.1,375.6,1375.7,175.8
4325,Diprotodontia,Macropodidae,Macropus,robustus,36.1,30000,5497,5807.6,374.7
4324,Diprotodontia,Macropodidae,Macropus,rufus,35.9,27808.8,10424.4,5521.7,1223
4235,Macroscelidea,Macroscelididae,Macroscelides,proboscideus,36.2,38.8,0.7,52,4
4443,Peramelemorphia,Thylacomyidae,Macrotis,lagotis,35,1200.7,333.6,415.1,85.2
3274,Chiroptera,Phyllostomidae,Macrotus,californicus,35,12.9,0.9,16.1,1.3
2404,Artiodactyla,Bovidae,Madoqua,kirkii,,4290,363.7,2208.3,218
1345,Rodentia,Nesomyidae,Malacothrix,typica,37,21.7,,20.6,4.2‡
2882,Pholidota,Manidae,Manis,crassicaudata,33.4,15910,,1241,
2881,Pholidota,Manidae,Manis,javanica,32.3,4220,,1105.6,
2883,Pholidota,Manidae,Manis,pentadactyla,33.4,3640,1310,668.3,327.2
2886,Pholidota,Manidae,Manis,tetradactyla,33,1430,,374.8,
2887,Pholidota,Manidae,Manis,tricuspis,32.6,1471.7,664.2,451.4,103.1
4488,Didelphimorphia,Didelphidae,Marmosa,robinsoni,34,122,,91,19
1686,Rodentia,Sciuridae,Marmota,flaviventris,36.5,3706.5,833.1,1269.9,77.5
1685,Rodentia,Sciuridae,Marmota,monax,37,2660,705,718,167.4
2629,Carnivora,Mustelidae,Martes,americana,38,900,185.5,594.9,72.9
2632,Carnivora,Mustelidae,Martes,martes,,920,,752.1,
386,Rodentia,Muridae,Mastomys,natalensis,38,41.5,8.3,32.8,2.9
905,Rodentia,Cricetidae,Megadontomys,thomasi,37.8,110.8,11.2,124.1,7.3
2927,Chiroptera,Pteropodidae,Megaloglossus,woermanni,,12.4,1.4,37.7,4.3
2648,Carnivora,Mustelidae,Meles,meles,,11200,,2765.6,
2966,Chiroptera,Pteropodidae,Melonycteris,melanops,34.9,53.3,0.6,43.2,0.1
2733,Carnivora,Ursidae,Melursus,ursinus,,66957,1602,8436.6,799.5
1174,Rodentia,Muridae,Meriones,crassus,37.2,120,21.8,148,40.2
1170,Rodentia,Muridae,Meriones,hurrianae,36.1,72.3,6.8,53.5,3.8
1177,Rodentia,Muridae,Meriones,meridianus,,45,8.1,61.2,13.5
1181,Rodentia,Muridae,Meriones,unguiculatus,38.2,62.1,5.3,84.7,11.9
1017,Rodentia,Cricetidae,Mesocricetus,auratus,38.1,110.4,6.8,180.9,82.1
4462,Didelphimorphia,Didelphidae,Metachirus,nudicaudatus,35,336,,205,16.1
99,Rodentia,Muridae,Micaelamys,namaquensis,36.8,57.3,13.1,47.7,6.5
1521,Rodentia,Caviidae,Microcavia,niata,,255.2,49.6,175.8,36.4
1413,Rodentia,Heteromyidae,Microdipodops,megacephalus,32.8,11.2,0.9,28.6,0.4
1414,Rodentia,Hetermyidae,Microdipodops,pallidus,39.3,15.2,,19.8,4.6
4208,Afrosoricida,Tenrecidae,Microgale,cowani,33,10.3,0.4,27,5.1
4206,Afrosoricida,Tenrecidae,Microgale,dobsoni,30.9,44.6,3.2,41.7,3.4
4208,Afrosoricida,Tenrecidae,Microgale,drouhardi,,11.9,,28.3,
4216,Afrosoricida,Tenrecidae,Microgale,talazaci,30.8,44,4.7,43.5,5.6
407,Rodentia,Muridae,Micromys,minutus,38,8.5,2.4,21.1,3.8
1100,Rodentia,Cricetidae,Microtus,agrestis,37.6,21.9,2.2,124.8,13.1
1117,Rodentia,Cricetidae,Microtus,arvalis,37,20.3,6.3,51.2,19.9
1130,Rodentia,Cricetidae,Microtus,breweri,37.3,53.1,6.2,73.8,4.5
1101,Rodentia,Cricetidae,Microtus,cabrerae,37.3,43,6.8,48.6,9
1126,Rodentia,Cricetidae,Microtus,californicus,38.8,44,,67.9,
1127,Rodentia,Cricetidae,Microtus,canicaudus,37.8,30.4,8.9,77.8,24.4
1123,Rodentia,Cricetidae,Microtus,guentheri,38.3,43.8,,80.2,
1114,Rodentia,Cricetidae,Microtus,longicaudus,38,27.8,3.1,65,8.5
1115,Rodentia,Cricetidae,Microtus,mexicanus,37.9,28.8,,46.6,3.1
1128,Rodentia,Cricetidae,Microtus,montanus,35.3,35.9,3,71.7,8.1
1141,Rodentia,Cricetidae,Microtus,ochrogaster,37.9,45.7,6.3,128.6,14
1140,Rodentia,Cricetidae,Microtus,oeconomus,38.4,35,5,99.8,17.5
1131,Rodentia,Cricetidae,Microtus,pennsylvanicus,38.5,41.2,6.3,76.4,7.6
1142,Rodentia,Cricetidae,Microtus,pinetorum,38.3,24.1,2,52.5,10.7
1111,Rodentia,Cricetidae,Microtus,richardsoni,38.7,56.1,8.1,103,10.1
1159,Rodentia,Cricetidae,Microtus,subterraneus,,16.6,1.1,48.1,5.4
1132,Rodentia,Cricetidae,Microtus,townsendii,,52.2,0.8,85.6,2.6
1112,Rodentia,Cricetidae,Microtus,xanthognathus,38,68.5,12.6,98.6,13.6
296,Rodentia,Muridae,Millardia,meltada,,67.4,5.6,58.6,2.7
3488,Chiroptera,Vespertilionidae,Miniopterus,schreibersii,37.7,9.9,0.3,26,0.9
3450,Chiroptera,Molossidae,Molossus,molossus,31.4,15.6,,22,4.2
4498,Didelphimorphia,Didelphidae,Monodelphis,brevicaudata,33.7,75.6,50.1,56.2,27.3
4500,Didelphimorphia,Didelphidae,Monodelphis,domestica,32.6,94,17.1,58.7,1.8
3319,Chiroptera,Phyllostomidae,Monophyllus,redmani,34,8.7,1.1,11.1,3.4
3258,Chiroptera,Mormoopidae,Mormoops,blainvillei,32,8.6,3.4,8,2.5
3259,Chiroptera,Mormoopidae,Mormoops,megalophylla,36.9,16.5,0.8,24.3,2.3
418,Rodentia,Muridae,Mus,macedonicus,37.2,14.2,1.1,26.1,3.3
432,Rodentia,Muridae,Mus,minutoides,36.3,8.1,0.5,24,4.2
419,Rodentia,Muridae,Mus,musculus,36.3,22.6,2.3,57.3,10.7
421,Rodentia,Muridae,Mus,spretus,36.6,21.8,1.8,61.9,15.9
1956,Rodentia,Gliridae,Muscardinus,avellanarius,35.8,19.5,1,61.7,15.7
2622,Carnivora,Mustelidae,Mustela,erminea,39.6,207.5,22,329.8,38.1
2618,Carnivora,Mustelidae,Mustela,eversmanii,,612,21,382.5,36.7
2623,Carnivora,Mustelidae,Mustela,frenata,39,225,19.5,229,33.3
2619,Carnivora,Mustelidae,Mustela,nigripes,,920,85.6,473.8,46
2624,Carnivora,Mustelidae,Mustela,nivalis,39.6,80.6,19.6,186.1,33.8
2620,Carnivora,Mustelidae,Mustela,putorius,,1466.7,493.3,1260.8,48.9
1539,Rodentia,Myocastoridae,Myocastor,coypus,,4325,135.8,3070.8,216.3
1037,Rodentia,Cricetidae,Myodes,californicus,37.5,18.3,1.6,61.1,5.9
1039,Rodentia,Cricetidae,Myodes,gapperi,37.9,22.8,2.9,56.9,8.9
1040,Rodentia,Cricetidae,Myodes,glareolus,,20.8,2.9,67.1,11
1041,Rodentia,Cricetidae,Myodes,rufocanus,,27.5,,52.1,2.1
1042,Rodentia,Cricetidae,Myodes,rutilus,,28,,116.2,9
1526,Rodentia,Dasyproctidae,Myoprocta,acouchy,35.4,914,,502.7,32
1097,Rodentia,Cricetidae,Myopus,schisticolor,39,26.4,6.6,95,17.5
3722,Chiroptera,Vespertilionidae,Myotis,austroriparius,,7.5,,10.9,
3781,Chiroptera,Vespertilionidae,Myotis,brandtii,36.2,44.4,1.4,111,1.8
3762,Chiroptera,Vespertilionidae,Myotis,myotis,,25,,75.3,11.3
3801,Chiroptera,Vespertilionidae,Myotis,nigricans,,3.7,,4.8,
3741,Chiroptera,Vespertilionidae,Myotis,vivesi,,25,1.8,35.8,
3736,Chiroptera,Vespertilionidae,Myotis,yumanensis,37.1,5.1,0.9,8.7,0.7
487,Rodentia,Muridae,Myotomys,sloggetti,38,113.3,50.4,133.7,26.1
490,Rodentia,Muridae,Myotomys,unisulcatus,34.8,98.7,29.5,111,32.1
4423,Dasyuromorphia,Myrmecobiidae,Myrmecobius,fasciatus,32.5,400,,142.4,14.7
4164,Pilosa,Myrmecophagidae,Myrmecophaga,tridactyla,32.5,30600,,2601,329.6
1354,Rodentia,Nesomyidae,Mystromys,albicaudatus,33,93.8,17.7,126.8,23.6
2873,Carnivora,Nandiniidae,Nandinia,binotata,37.4,4270,,862.5,
48,Rodentia,Dipodidae,Napaeozapus,insignis,37,21.6,2.5,21.8,8.6
2684,Carnivora,Procyonidae,Nasua,narica,38.6,3630,548,1186.6,159.4
2685,Carnivora,Procyonidae,Nasua,nasua,36.4,3850,210,1001,115.5
3252,Chiroptera,Natalidae,Natalus,tumidirostris,32.2,5.3,1.1,8.2,0.7
1161,Rodentia,Cricetidae,Neofiber,alleni,37.1,258.1,40.1,216.8,37.2
4134,Soricomorpha,Soricidae,Neomys,anomalus,,13.4,,66.8,
4135,Soricomorpha,Soricidae,Neomys,fodiens,37.3,15.9,1.7,49.8,2.7
985,Rodentia,Cricetidae,Neotoma,albigula,37.6,111.6,48.3,89.5,8
1003,Rodentia,Cricetidae,Neotoma,cinerea,37.7,258.9,69,208.1,32.8
994,Rodentia,Cricetidae,Neotoma,lepida,36.8,113.9,19.8,93.7,20.4
1004,Rodentia,Cricetidae,Neotoma,macrotis,36.6,186.7,33.4,153.1,22.4
2628,Carnivora,Mustelidae,Neovison,vison,39,918,252.4,734.9,113.4
3840,Soricomorpha,Talpidae,Neurotrichus,gibbsii,38.4,11.9,1.1,46.7,0.5
4397,Dasyuromorphia,Dasyuridae,Ningaui,yvonnae,34.4,11.6,,15.7,3
3256,Chiroptera,Noctilionidae,Noctilio,albiventris,32,27,,31.3,4.7
3257,Chiroptera,Noctilionidae,Noctilio,leporinus,33.8,61,,73.2,14.6
4153,Soricomorpha,Soricidae,Notiosorex,crawfordi,37.6,4,0.4,12.5,2
261,Rodentia,Muridae,Notomys,alexis,38,33.9,4.8,46.4,8.4
263,Rodentia,Muridae,Notomys,cervinus,38.5,33.6,2.3,43.4,3.6
4424,Notoryctemorphia,Notoryctidae,Notoryctes,caurinus,30.8,34,9.6,26.2,3.7
2755,Carnivora,Canidae,Nyctereutes,procyonoides,,9800,624.5,4010.1,83.6
2272,Primates,Lorisidae,Nycticebus,coucang,35.4,812,190.6,280,43.6
2895,Chiroptera,Pteropodidae,Nyctimene,albiventer,35.9,28.8,2.4,37.3,5.8
2892,Chiroptera,Pteropodidae,Nyctimene,cyclotis,36,40.4,,64.6,
3615,Chiroptera,Vespertilionidae,Nyctophilus,geoffroyi,31.6,8,2.8,11.4,6
3620,Chiroptera,Vespertilionidae,Nyctophilus,timoriensis,33,13.6,0.4,20.4,9
2049,Lagomorpha,Ochotonidae,Ochotona,curzoniae,37.7,132,7.5,198.5,17
2050,Lagomorpha,Ochotonidae,Ochotona,dauurica,,127.7,10.3,249,47.3
2030,Lagomorpha,Ochotonidae,Ochotona,princeps,40.1,109.3,11.1,169.4,25.1
895,Rodentia,Cricetidae,Ochrotomys,nuttalli,36.4,19.2,3.1,25.5,2.2
1460,Rodentia,Octodontidae,Octodon,bridgesi,,176.1,13.9,183.3,21.1
1462,Rodentia,Octodontidae,Octodon,degus,37.6,237.5,18.4,201.3,15
1461,Rodentia,Octodontidae,Octodon,lunatus,,173.2,60.3,171.5,20.4
1672,Rodentia,Octodontidae,Octodontomys,gliroides,37.2,155.7,10.4,126.5,10.6
1469,Rodentia,Octodontidae,Octomys,mimax,36.7,118.8,18.8,115.2,13.1
2453,Artiodactyla,Cervidae,Odocoileus,virginianus,39,51190,8910,11588,157
773,Rodentia,Cricetidae,Oligoryzomys,longicaudatus,37.3,28.2,3.9,51,4.8
1162,Rodentia,Cricetidae,Ondatra,zibethicus,37.4,879.5,99.4,679.5,59.7
960,Rodentia,Cricetidae,Onychomys,torridus,,19.1,,29.6,12.9
2350,Artiodactyla,Bovidae,Oreamnos,americanus,,32000,,8960,
3,Monotremata,Ornithorhynchidae,Ornithorhynchus,anatinus,34,1438.5,130,683.6,103.4
4240,Tubulidentata,Orycteropodidae,Orycteropus,afer,34.5,48000,,6144,
2020,Lagomorpha,Leporidae,Oryctolagus,cuniculus,39,2264.8,321.8,1440.9,200
2309,Artiodactyla,Bovidae,Oryx,leucoryx,38.6,84100,7600,18600,1400
811,Rodentia,Cricetidae,Oryzomys,talamancae,,14.1,,34.7,
2280,Primates,Galagidae,Otolemur,crassicaudatus,36.6,946.7,64.3,410.9,36.8
2281,Primates,Galagidae,Otolemur,garnettii,,1132,257.4,558.2,206.3
482,Rodentia,Muridae,Otomys,irroratus,37.6,102.4,10.6,85.2,18.4
2324,Artiodactyla,Bovidae,Ovis,canadensis,,67331.5,7753.5,23010.8,3419.6
824,Rodentia,Cricetidae,Oxymycterus,roberti,38.3,83.5,17.7,88.5,4.8
2718,Carnivora,Phocidae,Pagophilus,groenlandicus,,150000,,29268,612
2136,Primates,Hominidae,Pan,troglodytes,,5020,914.5,1407.6,105.4
2770,Carnivora,Felidae,Panthera,leo,37.9,98000,,16954,
2772,Carnivora,Felidae,Panthera,onca,,50400,26300,11188.8,2570.4
2773,Carnivora,Felidae,Panthera,tigris,37.5,137900,,23994.6,
2081,Primates,Cercopithecidae,Papio,anubis_,37.3,9500,428,2958,249.8
2081,Primates,Cercopithecidae,Papio,papio,,6760,1060,2732.2,259.7
2081,Primates,Cercopithecidae,Papio,ursinus,37,15900,3470,5066.6,1321.8
2868,Carnivora,Viverridae,Paradoxurus,hermaphroditus,36.5,3160,354,761.6,148.5
3852,Erinaceomorpha,Erinaceidae,Paraechinus,aethiopicus,34.2,453,59,113.3,10.9
2888,Chiroptera,Pteropodidae,Paranyctimene,raptor,33.8,21.9,2.4,28,3.8
1785,Rodentia,Sciuridae,Paraxerus,cepapi,39.1,223.6,16,145.3,8.9
1790,Rodentia,Sciuridae,Paraxerus,palliatus,39.3,313.8,20.5,236.1,22.9
1791,Rodentia,Sciuridae,Paraxerus,poensis,,97,,201.1,
491,Rodentia,Muridae,Parotomys,brantsii,35.1,105.3,26,114.3,20.5
2589,Artiodactyla,Tayassuidae,Pecari,tajacu,37.5,20150,2077.6,6346.6,585.2
11,Rodentia,Pedetidae,Pedetes,capensis,35.9,2300,151.2,793.5,81.3
4441,Peramelemorphia,Peramelidae,Perameles,gunnii,35.2,837.3,,420.6,
4442,Peramelemorphia,Peramelidae,Perameles,nasuta,36.1,667.4,155.2,319.2,64.9
2270,Primates,Lorisidae,Perodicticus,potto,36.1,890.5,144.2,338.7,29.8
1373,Rodentia,Heteromyidae,Perognathus,flavus,34.6,8.3,0.9,17.3,2.2
1375,Rodentia,Heteromyidae,Perognathus,longimembris,34.7,8.6,0.6,15.9,3
1377,Rodentia,Heteromyidae,Perognathus,parvus,,19.2,2.7,28.8,6.7
908,Rodentia,Cricetidae,Peromyscus,boylii,,23.2,2.2,54.3,7
910,Rodentia,Cricetidae,Peromyscus,californicus,36.4,47.6,5.5,53.2,7.6
912,Rodentia,Cricetidae,Peromyscus,crinitus,35.7,17.9,2.5,27.1,3.8
915,Rodentia,Cricitidae,Peromyscus,eremicus,36.6,20.3,1,30.9,4.8
918,Rodentia,Cricetidae,Peromyscus,gossypinus,37.5,21.5,4.7,37,8.4
941,Rodentia,Cricetidae,Peromyscus,keeni,36.2,26.5,3.6,45.1,
926,Rodentia,Cricetidae,Peromyscus,leucopus,36.7,22.4,2.1,109.5,0.8
929,Rodentia,Cricetidae,Peromyscus,maniculatus,36.6,20.1,1.7,39.2,6.4
931,Rodentia,Cricetidae,Peromyscus,megalops,37.8,66.2,10.4,90.7,6.6
944,Rodentia,Cricetidae,Peromyscus,polionotus,,12,1.9,21.5,5.2
954,Rodentia,Cricetidae,Peromyscus,truei,36.7,33.2,3,56,6.7
3093,Chiroptera,Emballonuridae,Peropteryx,macrotis,34.4,5.3,1.1,12.2,2.3
4267,Diprotodontia,Pseudocheiridae,Petauroides,volans,35.4,1030.7,101.1,452,32.1
4263,Diprotodontia,Petauridae,Petaurus,breviceps,35.9,126.1,19.1,87.1,11
4236,Macroscelidea,Macroscelididae,Petrodromus,tetradactylus,37.5,206.8,15.8,170.1,10.6
1321,Rodentia,Nesomyidae,Petromyscus,collinus,,20.4,,20.6,
4280,Diprotodontia,Phalangeridae,Phalanger,carmelitae,,1381,,515.1,
4287,Diprotodontia,Phalangeridae,Phalanger,gymnotis,,953.6,,286.1,
4282,Diprotodontia,Phalangeridae,Phalanger,intercastellanus,,1648.8,,646.3,
4283,Diprotodontia,Phalangeridae,Phalanger,sericeus,,1329,,408,
4376,Dasyuromorphia,Dasyuridae,Phascogale,tapoatafa,37.4,157,25.3,126.1,6
4361,Diprotodontia,Phascolarctidae,Phascolarctos,cinereus,35.8,4180,627,884.6,73.1
1061,Rodentia,Cricetidae,Phenacomys,intermedius,37.9,21.5,1.8,67.3,5.8
4460,Didelphimorphia,Didelphidae,Philander,opossum,35.8,751,,338,91.6
2389,Artiodactyla,Bovidae,Philantomba,monticola,36.1,4400,682.5,1892,88
2715,Carnivora,Phocidae,Phoca,vitulina,34.6,32485.7,,13635.4,
2493,Cetacea,Phocoenidae,Phocoena,phocoena,,28500,3535.5,19350,1484.9
1021,Rodentia,Cricetidae,Phodopus,campbelli,35.7,27.7,5.5,49.1,13.5
1022,Rodentia,Cricetidae,Phodopus,roborovskii,,15.4,2.9,45.9,10
1023,Rodentia,Cricetidae,Phodopus,sungorus,36.5,32.5,5.6,46.4,7.5
3299,Chiroptera,Phyllostomidae,Phyllostomus,discolor,,33.5,,47.2 _,7.7
3300,Chiroptera,Phyllostomidae,Phyllostomus,elongatus,,35.6,,46.3 _,
3301,Chiroptera,Phyllostomidae,Phyllostomus,hastatus,34.7,84.2,,107.8 _,19.4
674,Rodentia,Cricetidae,Phyllotis,darwini,36.2,55.8,7.4,66.4,8.1
678,Rodentia,Cricetidae,Phyllotis,magister,,62.8,16.8,72.2,10
682,Rodentia,Cricetidae,Phyllotis,xanthopygus,37.3,55.5,11.2,56.6,10
4418,Dasyuromorphia,Dasyuridae,Planigale,gilesi,35.1,9.1,1.3,12.8,1.5
4422,Dasyuromorphia,Dasyuridae,Planigale,maculata,34.5,12.2,1.1,10.7,2.8
4421,Dasyuromorphia,Dasyuridae,Planigale,tenuirostris_,34.5,6.4,1.5,11,1.7
3403,Chiroptera,Phyllostomidae,Platyrrhinus,lineatus,36.4,22.1,,31.3 _,4.8
3631,Chiroptera,Vespertilionidae,Plecotus,auritus,,14,1.5,14.1,4.3
901,Rodentia,Cricetidae,Podomys,floridanus,,30.8,9.1,51.7,16.6
2137,Primates,Hominidae,Pongo,pygmaeus,,4970,46,1514.3,13.2
4356,Diprotodontia,Potoroidae,Potorous,tridactylus,35.9,1068.6,142.4,553.7,54.2
2694,Carnivora,Procyonidae,Potos,flavus,36.1,2406,283.2,803.7,88.2
4173,Cingulata,Dasypodidae,Priodontes,maximus,33.6,45190,,3027.7,
4250,Hyracoidea,Procaviidae,Procavia,capensis,37,2426.3,290.8,890.2,73.8
2680,Carnivora,Procyonidae,Procyon,lotor,38,5385,521,2083.3,242.3
1574,Rodentia,Echimyidae,Proechimys,semispinosus,37.9,367.7,161.5,286.1,10.5
2248,Primates,Indridae,Propithecus,verreauxi,,3000,547.7,729.7,187.4
2809,Carnivora,Hyaenidae,Proteles,cristata,36.4,7928.2,700,2013.5,333.5
1772,Rodentia,Sciuridae,Protoxerus,stangeri,,691,,589.2,
4390,Dasyuromorphia,Dasyuridae,Pseudantechinus,macdonnellensis,34.2,43.2,7.2,26.5,6.5
4278,Diprotodontia,Pseudocheiridae,Pseudocheirus,peregrinus,37.4,840,50,399.2,91.6
277,Rodentia,Muridae,Pseudomys,gracilicaudatus,36.8,79.8,6.9,83.8,4
278,Rodentia,Muridae,Pseudomys,hermannsburgensis,37.8,12.2,0.8,23.3,3.4
3261,Chiroptera,Mormoopidae,Pteronotus,davyi,38.8,9.4,0.7,15.3,1.6
3260,Chiroptera,Mormoopidae,Pteronotus,parnellii,36.4,19.2,1.4,30.7,2.9
3263,Chiroptera,Mormoopidae,Pteronotus,personatus,37.5,14,1.5,23,4.3
3264,Chiroptera,Mormoopidae,Pteronotus,quadridens,31,4.9,2.6,6.1,2.3
3028,Chiroptera,Pteropodidae,Pteropus,giganteus,36.7,562.2,250.4,290.7,6.7
3001,Chiroptera,Pteropodidae,Pteropus,hypomelanus,35.7,520.8,27.8,293.6,45.4
3021,Chiroptera,Pteropodidae,Pteropus,poliocephalus,36.5,571.2,131.5,312.6,30.5
2999,Chiroptera,Pteropodidae,Pteropus,pumilus,36.1,194.2,15.6,126.4,19.2
3024,Chiroptera,Pteropodidae,Pteropus,rodricensis,36.5,254.5,37.3,134.9,18.5
3033,Chiroptera,Pteropodidae,Pteropus,scapulatus,37,362,67.8,250.9,38.4
3030,Chiroptera,Pteropodidae,Pteropus,vampyrus,36.9,1024.3,182.5,804.1,60.4
2287,Scandentia,Ptilocercidae,Ptilocercus,lowii,36.5,57.5,2.5,43.1,12.7
2804,Carnivora,Felidae,Puma,concolor,37.6,41903.3,7333.4,10419.2,1399.4
2803,Carnivora,Felidae,Puma,yagouaroundi_,38.4,6105,3170,1556.8,402.9
2456,Artiodactyla,Cervidae,Rangifer,tarandus,,85000,,29434.7,2207
2391,Artiodactyla,Bovidae,Raphicerus,campestris,39.4,9550,1150.1,3676.8,191
513,Rodentia,Muridae,Rattus,colletti,36.2,165.7,,123,
514,Rodentia,Muridae,Rattus,fuscipes,37.5,76.4,,64.2,9.8
516,Rodentia,Muridae,Rattus,lutreolus,36.7,109,,49.9,5.5
561,Rodentia,Muridae,Rattus,norvegicus,,289.5,30.5,307.5,22.5
554,Rodentia,Muridae,Rattus,rattus,,117.7,8.7,177,22.9
520,Rodentia,Muridae,Rattus,villosissimus,35.9,247.8,,145.8,
829,Rodentia,Cricetidae,Reithrodon,auritus,,78.7,14.4,76.8,12.7
978,Rodentia,Cricetidae,Reithrodontomys,megalotis,36.8,10.6,2.2,19.4,4.7
567,Rodentia,Muridae,Rhabdomys,pumilio,37,53.7,9.5,47.8,19.3
3183,Chiroptera,Hipposideridae,Rhinonicteris,aurantia,36.1,8.3,0.1,16.2,0.7
3340,Chiroptera,Phyllostomidae,Rhinophylla,pumilio,34.7,9.5,,16.2 _,3.4
2935,Chiroptera,Pteropodidae,Rousettus,amplexicaudatus,34.8,91.5,2.5,104.3,10.4
2934,Chiroptera,Pteropodidae,Rousettus,aegyptiacus,36.5,146,16.9,122.6,7.7
3084,Chiroptera,Emballonuridae,Saccopteryx,bilineata,35.5,8.2,0.5,15.3,4.5
1282,Rodentia,Nesomyidae,Saccostomus,campestris,35.3,75.2,8.6,59.8,6.4
2215,Primates,Cebidae,Saguinus,oedipus,38.8,296,65,265.5,33.7
2231,Primates,Cebidae,Saimiri,sciureus,38,950,37.1,952.8,85.1
4385,Dasyuromorphia,Dasyuridae,Sarcophilus,harrisii,35.8,6137.5,1207.5,1680.6,197.9
3836,Soricomorpha,Talpidae,Scalopus,aquaticus,36,48,,67.7,11.4
3837,Soricomorpha,Talpidae,Scapanus,latimanus,,61,,76.3,2.1
3839,Soricomorpha,Talpidae,Scapanus,orarius,,61.2,,62.4,
3838,Soricomorpha,Talpidae,Scapanus,townsendii,,130.1,34.3,106.4,17.8
ND,Rodentia,Sciuridae,Sciurus,aberti,40.7,624,,430.6,
1805,Rodentia,Sciuridae,Sciurus,carolinensis,38.7,440,86.4,369.6,48.4
1809,Rodentia,Sciuridae,Sciurus,variegatoides,,50.1,,190.7,61.6
893,Rodentia,Cricetidae,Scotinomys,teguina,37.6,15.2,2.3,43.6,9.9
894,Rodentia,Cricetidae,Scotinomys,xerampelinus,36.2,12,2.1,25.7,2.9
1186,Rodentia,Muridae,Sekeetamys,calurus,37.5,68.1,6.2,52,9.8
4223,Afrosoricida,Tenrecidae,Setifer,setosus,32.2,530,,122.4,23.1
4332,Diprotodontia,Macropodidae,Setonix,brachyurus,36.3,2510,110,796.7,179.8
26,Rodentia,Dipodidae,Sicista,betulina,,11.5,2.8,37,0.6
871,Rodentia,Cricetidae,Sigmodon,alleni,,136.5,23.9,200.3,19.3
874,Rodentia,Cricetidae,Sigmodon,fulviventer,,137.9,22.9,206.5,23.1
875,Rodentia,Cricetidae,Sigmodon,hispidus,38.1,141.3,13.2,193,24.8
877,Rodentia,Cricetidae,Sigmodon,leucotis,,128.6,15.8,186.5,5.3
879,Rodentia,Cricetidae,Sigmodon,ochrognathus,,115.1,10.9,154.2,25.6
4416,Dasyuromorphia,Dasyuridae,Sminthopsis,crassicaudata,35.2,16.9,2.3,23.4,4.5
4415,Dasyuromorphia,Dasyuridae,Sminthopsis,macroura,33.3,23.8,2.9,25,4.8
4405,Dasyuromorphia,Dasyuridae,Sminthopsis,murina,35,18.7,,75.9,2.2
4065,Soricomorpha,Soricidae,Sorex,alpinus,38.6,7.9,0.8,48.2,5.5
4072,Soricomorpha,Soricidae,Sorex,araneus,,8.2,1.1,43.1,10.2
4090,Soricomorpha,Soricidae,Sorex,cinereus,38.4,4,0.3,34.8,1.5
4071,Soricomorpha,Soricidae,Sorex,coronatus,37.6,9.1,0.8‡,51.9,2.7‡
4087,Soricomorpha,Soricidae,Sorex,minutus,38.5,3.3,0.4‡,28.4,1.7‡
4095,Soricomorpha,Soricidae,Sorex,ornatus,,5,0.7,29,10.5
4108,Soricomorpha,Soricidae,Sorex,vagrans,38,5.2,0.1,19.7,1.8
1671,Rodentia,Octodontidae,Spalacopus,cyanus,36.5,108.8,29.1,82.9,11.5
1355,Rodentia,Spalacidae,Spalax,ehrenbergi,35.5,119,15.5,101.1,16.1
1356,Rodentia,Spalacidae,Spalax,leucodon,36.3,182.2,40.7,121,8.7
1694,Rodentia,Sciuridae,Spermophilus,armatus,35.7,307,37.8,190.3,20.6
1702,Rodentia,Sciuridae,Spermophilus,beecheyi,37.6,501.6,115.8,267.9,28.9
1713,Rodentia,Sciuridae,Spermophilus,beldingi,35.5,289.8,27.4,159.4,22.6
1705,Rodentia,Sciuridae,Spermophilus,citellus,37.5,312.8,61,258.7,46.4
1700,Rodentia,Sciuridae,Spermophilus,dauricus,35.2,281,6.9,156.3,18.4
1698,Rodentia,Sciuridae,Spermophilus,franklinii,,607,162.9,400.6,36.4
1726,Rodentia,Sciuridae,Spermophilus,lateralis,36.3,182.1,35.8,229.1,52.2
1724,Rodentia,Sciuridae,Spermophilus,mexicanus,,199,32.3,278.6,28.1
1721,Rodentia,Sciuridae,Spermophilus,mohavensis,37,259,36.6,220.2,33.4
1692,Rodentia,Sciuridae,Spermophilus,parryii,37,934.7,216.7,797.6,163.9
1693,Rodentia,Sciuridae,Spermophilus,richardsonii,35.5,252.3,32.9,161.5,16
1723,Rodentia,Sciuridae,Spermophilus,saturatus,,261.2,28.9,142.6,20
1701,Rodentia,Sciuridae,Spermophilus,spilosoma,36.1,180.3,8.3,111.8,17.7
1719,Rodentia,Sciuridae,Spermophilus,tereticaudus,36.3,119.9,42.2,87.7,20.8
1718,Rodentia,Sciuridae,Spermophilus,townsendii,35.6,231,14.7,129.4,19.8
1696,Rodentia,Sciuridae,Spermophilus,tridecemlineatus,35.7,233.8,22.8,181,44.9
1690,Rodentia,Sciuridae,Spermophilus,undulatus,38,527.9,81.5,533.2,51.7
4288,Diprotodontia,Phalangeridae,Spilocuscus,maculatus,34.7,4250,501.1,1016.6,114.9
2675,Carnivora,Mephitidae,Spilogale,putorius,36.4,624,104.6,299.5,30.6
1343,Rodentia,Nesomyidae,Steatomys,pratensis,34.1,37.4,3.5,18.7,1.7
574,Rodentia,Muridae,Stochomys,longicaudatus,,84.2,19.7,121.6,16.2
3356,Chiroptera,Phyllostomidae,Sturnira,erythromos,34.4,15.9,,39.9,13
3348,Chiroptera,Phyllostomidae,Sturnira,lilium,36.4,21.9,,39.2,10.7
3354,Chiroptera,Phyllostomidae,Sturnira,tildae,,20.5,,39.9,
4038,Soricomorpha,Soricidae,Suncus,etruscus_,36,2.4,0.2,22.5,1.1
4047,Soricomorpha,Soricidae,Suncus,murinus,38.7,36.5,,67.6,
2818,Carnivora,Herpestidae,Suricata,suricatta,36.3,850,74.2,310.3,18.7
2582,Artiodactyla,Suidae,Sus,scrofa,,47500,3780,16625,1900
2962,Chiroptera,Pteropodidae,Syconycteris,australis,35.9,15.9,1.3,22.2,3.3
1984,Lagomorpha,Leporidae,Sylvilagus,audubonii,38.3,703.8,97.7,514.4,181.4
1,Monotremata,Tachyglossidae,Tachyglossus,aculeatus,30.7,3608.3,865,585.1,91.7
1318,Rodentia,Spalacidae,Tachyoryctes,splendens,35.9,196,,181.1,20.7
3430,Chiroptera,Molossidae,Tadarida,brasiliensis,36,13.2,2.4,15.7,2.1
4163,Pilosa,Myrmecophagidae,Tamandua,mexicana,32,4210,,850.4,107.2
4162,Pilosa,Myrmecophagidae,Tamandua,tetradactyla,33.5,2968.5,,885.1,87.5
1761,Rodentia,Sciuridae,Tamias,alpinus,,39.1,1.6,57.9,3.8
1740,Rodentia,Sciuridae,Tamias,amoenus,37,57.1,3.7,93,15.9
1755,Rodentia,Sciuridae,Tamias,merriami,37,78.9,12.9,118.4,9.7
1760,Rodentia,Sciuridae,Tamias,minimus,37,46.2,3.1,66.8,10.6
1749,Rodentia,Sciuridae,Tamias,palmeri,,69.4,,113.1,
1759,Rodentia,Sciuromorpha,Tamias,speciosus,,70.7,2.4,104.6,12.7
1738,Rodentia,Sciuromorpha,Tamias,striatus,38.2,97.2,3.9,120.3,14.5
1802,Rodentia,Sciuridae,Tamiasciurus,hudsonicus,38.7,202,7.7,320.5,32.1
4255,Diprotodontia,Tarsipedidae,Tarsipes,rostratus,36.6,10.0_,2,29,6.7
2237,Primates,Tarsiidae,Tarsius,syrichta,33.8,113.4,,76.7,31
2236,Primates,Tarsiidae,Tarsius,tarsier,,192.8,28.7,151.5,17.3
1259,Rodentia,Muridae,Tatera,indica,,86.8,3.3,75.5,5.8
2430,Artiodactyla,Bovidae,Taurotragus,oryx,,125000,26250,29895.8,1353.2
2677,Carnivora,Mustelidae,Taxidea,taxus,38,76020,4065,22806,1672.4
4222,Afrosoricida,Tenrecidae,Tenrec,ecaudatus,33,720,252.3,236.8,30.1
343,Rodentia,Muridae,Thallomys,paedulcus,36.7,124.7,22.6,68.5,5.7
1415,Rodentia,Geomyidae,Thomomys,bottae,36,127.5,56.9,153.9,23.6
1419,Rodentia,Geomyidae,Thomomys,talpoides,36.2,99,11.3,105.8,19.5
1416,Rodentia,Geomyidae,Thomomys,townsendii,,249,,189.2,18.7
1417,Rodentia,Geomyidae,Thomomys,umbrinus,34.6,85,,72.3,
1540,Rodentia,Echimyidae,Thrichomys,apereoides,37.6,323,,206.7,5.8
4479,Didelphimorphia,Didelphidae,Thylamys,elegans,,31.1,2.9,20.1,2.2
4174,Cingulata,Dasypodidae,Tolypeutes,matacus,33,1160,,210,54.4
3289,Chiroptera,Phyllostomidae,Tonatia,bidens,37,27.4,,39.2 _,14.1
2489,Artiodactyla,Tragulidae,Tragulus,javanicus,38.4,1613,178.8,892,96.8
4243,Sirenia,Trichechidae,Trichechus,manatus,,250000,113137.1,24000,8485.3
4293,Diprotodontia,Phalangeridae,Trichosurus,vulpecula,36,1996.8,154,693.7,62
2292,Scandentia,Tupaiidae,Tupaia,belangeri,37.4,151.4,21.6,286,34.9
2295,Scandentia,Tupaiidae,Tupaia,glis,37,149.8,21,243.4,23.1
2512,Cetacea,Delphinidae,Tursiops,truncatus,,165625,22500,55441.1,3814.7
1468,Rodentia,Octodontidae,Tympanoctomys,barrerae,35.7,71.4,27.7,76.8,17.6
3394,Chiroptera,Phyllostomidae,Uroderma,bilobatum,35.1,16.2,,26.6,7.3
2289,Scandentia,Tupaiidae,Urogale,everetti,,264,37.8,227,27.9
250,Rodentia,Muridae,Uromys,caudimaculatus,34.6,819,,570.6,
3393,Chiroptera,Phyllostomidae,Vampyressa,nymphaea,33.8,10.5_ _,,21.9 _,4.2
3390,Chiroptera,Phyllostomidae,Vampyressa,pusilla,,8.8,,18.6,
2762,Carnivora,Canidae,Vulpes,cana,,1285,52,630.3,66.9
2760,Carnivora,Canidae,Vulpes,lagopus,38.6,3932.9,524.2,1799.6,151.3
2761,Carnivora,Canidae,Vulpes,macrotis,38,1813.6,185.5,1175.1,172.1
2758,Carnivora,Canidae,Vulpes,rueppellii,,1545.5,193,798.9,132.8
2759,Carnivora,Canidae,Vulpes,vulpes,38.7,2965.3,396.2,1445.7,168
2763,Carnivora,Canidae,Vulpes,zerda,38.8,1160.8,40.3,538.3,16.7
1800,Rodentia,Sciuridae,Xerus,inauris,36.8,542.3,52.1,326.5,43.4
1801,Rodentia,Sciuridae,Xerus,princeps,37.6,602.3,98.1,340.3,60.2
4169,Cingulata,Dasypodidae,Zaedyus,pichiy,35.2,1740,,393.2,90.5
2,Monotremata,Tachyglossidae,Zaglossus,bruijni,30.8,12500,4120,1130.5,156.5
2709,Carnivora,Otariidae,Zalophus,californianus,,22700,848.5,8921.1,96.3
50,Rodentia,Dipodidae,Zapus,hudsonius_,37.3,24.3,2,77.2,2.2
51,Rodentia,Dipodidae,Zapus,princeps_,37.8,27.5,1.6,129.3,14